{
  "segment": "Industrial",
  "precision": 0.4966181061394381,
  "recall": 0.4969412989717558,
  "f1": 0.4967796499902414,
  "accuracy": 0.969814869737602,
  "roc_auc": 0.8386757286407515,
  "positives_true": 7683,
  "positives_pred": 7688,
  "n_eval": 256252,
  "alarm_rate": 0.03000171705976929,
  "thr_if": 0.7613526006153516,
  "contamination": 0.03,
  "fusion": "or",
  "z_threshold": 1000000000.0
}