,Presion,Temperatura,Volumen
Presion,1.0,-0.11792389978615074,-0.3036274581379073
Temperatura,-0.11792389978615074,1.0,0.33440899682050934
Volumen,-0.3036274581379073,0.33440899682050934,1.0
